{
  "accelerated:0.31": {
    "final_increment_coefficient": 0.07259813499877046,
    "final_rate_coefficient": 0.23418753225409827,
    "increment_is_second_order": true,
    "increment_orders": [
      2.0184598396212414,
      2.0087754381294163,
      2.00427078427412
    ],
    "maximum_final_increment_order": 2.0087754381294163,
    "maximum_final_rate_order": 1.0087754381294165,
    "minimum_final_increment_order": 2.00427078427412,
    "minimum_final_rate_order": 1.00427078427412,
    "rate_is_first_order": true,
    "rate_orders": [
      1.0184598396212414,
      1.0087754381294165,
      1.00427078427412
    ],
    "rows": [
      {
        "delta_time": 0.060868357663302244,
        "frame_mode": "accelerated",
        "grid_size": 32.0,
        "increment_coefficient_e_over_h2": 0.07420099582027061,
        "increment_defect": 0.0028606815426287335,
        "increment_order": null,
        "rate_coefficient_e_over_h": 0.23935805103313096,
        "rate_defect": 0.04699784341895344,
        "rate_order": null,
        "ratio": 0.31,
        "spacing": 0.19634954084936207
      },
      {
        "delta_time": 0.030434178831651122,
        "frame_mode": "accelerated",
        "grid_size": 64.0,
        "increment_coefficient_e_over_h2": 0.07325761379245156,
        "increment_defect": 0.0007060778002922699,
        "increment_order": 2.0184598396212414,
        "rate_coefficient_e_over_h": 0.23631488320145663,
        "rate_defect": 0.02320015940623832,
        "rate_order": 1.0184598396212414,
        "ratio": 0.31,
        "spacing": 0.09817477042468103
      },
      {
        "delta_time": 0.015217089415825561,
        "frame_mode": "accelerated",
        "grid_size": 128.0,
        "increment_coefficient_e_over_h2": 0.07281336436937978,
        "increment_defect": 0.00017544899937454927,
        "increment_order": 2.0087754381294163,
        "rate_coefficient_e_over_h": 0.2348818205463864,
        "rate_defect": 0.011529734404536307,
        "rate_order": 1.0087754381294165,
        "ratio": 0.31,
        "spacing": 0.04908738521234052
      },
      {
        "delta_time": 0.0076085447079127805,
        "frame_mode": "accelerated",
        "grid_size": 256.0,
        "increment_coefficient_e_over_h2": 0.07259813499877046,
        "increment_defect": 4.373259721037258e-05,
        "increment_order": 2.00427078427412,
        "rate_coefficient_e_over_h": 0.23418753225409827,
        "rate_defect": 0.005747826803842171,
        "rate_order": 1.00427078427412,
        "ratio": 0.31,
        "spacing": 0.02454369260617026
      }
    ]
  },
  "accelerated:0.47": {
    "final_increment_coefficient": 0.08190368592311419,
    "final_rate_coefficient": 0.17426316153854082,
    "increment_is_second_order": true,
    "increment_orders": [
      2.031980857736831,
      2.0152629623185776,
      2.007438615471038
    ],
    "maximum_final_increment_order": 2.0152629623185776,
    "maximum_final_rate_order": 1.0152629623185774,
    "minimum_final_increment_order": 2.007438615471038,
    "minimum_final_rate_order": 1.0074386154710382,
    "rate_is_first_order": true,
    "rate_orders": [
      1.0319808577368308,
      1.0152629623185774,
      1.0074386154710382
    ],
    "rows": [
      {
        "delta_time": 0.09228428419920016,
        "frame_mode": "accelerated",
        "grid_size": 32.0,
        "increment_coefficient_e_over_h2": 0.08506766265185867,
        "increment_defect": 0.0032796256941373795,
        "increment_order": null,
        "rate_coefficient_e_over_h": 0.18099502691884825,
        "rate_defect": 0.03553829043153378,
        "rate_order": null,
        "ratio": 0.47,
        "spacing": 0.19634954084936207
      },
      {
        "delta_time": 0.04614214209960008,
        "frame_mode": "accelerated",
        "grid_size": 64.0,
        "increment_coefficient_e_over_h2": 0.08320267757088459,
        "increment_defect": 0.0008019311647812709,
        "increment_order": 2.031980857736831,
        "rate_coefficient_e_over_h": 0.1770269735550736,
        "rate_defect": 0.017379582487745432,
        "rate_order": 1.0319808577368308,
        "ratio": 0.47,
        "spacing": 0.09817477042468103
      },
      {
        "delta_time": 0.02307107104980004,
        "frame_mode": "accelerated",
        "grid_size": 128.0,
        "increment_coefficient_e_over_h2": 0.08232707643483923,
        "increment_defect": 0.0001983729677514915,
        "increment_order": 2.0152629623185776,
        "rate_coefficient_e_over_h": 0.17516399241455158,
        "rate_defect": 0.008598342370984585,
        "rate_order": 1.0152629623185774,
        "ratio": 0.47,
        "spacing": 0.04908738521234052
      },
      {
        "delta_time": 0.01153553552490002,
        "frame_mode": "accelerated",
        "grid_size": 256.0,
        "increment_coefficient_e_over_h2": 0.08190368592311419,
        "increment_defect": 4.933819452222951e-05,
        "increment_order": 2.007438615471038,
        "rate_coefficient_e_over_h": 0.17426316153854082,
        "rate_defect": 0.004277061469381338,
        "rate_order": 1.0074386154710382,
        "ratio": 0.47,
        "spacing": 0.02454369260617026
      }
    ]
  },
  "accelerated:0.73": {
    "final_increment_coefficient": 0.05596339904868503,
    "final_rate_coefficient": 0.07666219047765073,
    "increment_is_second_order": true,
    "increment_orders": [
      2.07616537393782,
      2.0376391723920717,
      2.0186947392825076
    ],
    "maximum_final_increment_order": 2.0376391723920717,
    "maximum_final_rate_order": 1.037639172392072,
    "minimum_final_increment_order": 2.0186947392825076,
    "minimum_final_rate_order": 1.0186947392825076,
    "rate_is_first_order": true,
    "rate_orders": [
      1.0761653739378199,
      1.037639172392072,
      1.0186947392825076
    ],
    "rows": [
      {
        "delta_time": 0.1433351648200343,
        "frame_mode": "accelerated",
        "grid_size": 32.0,
        "increment_coefficient_e_over_h2": 0.06134657822115979,
        "increment_defect": 0.0023651033531380127,
        "increment_order": null,
        "rate_coefficient_e_over_h": 0.0840364085221367,
        "rate_defect": 0.01650051022795096,
        "rate_order": null,
        "ratio": 0.73,
        "spacing": 0.19634954084936207
      },
      {
        "delta_time": 0.07166758241001715,
        "frame_mode": "accelerated",
        "grid_size": 64.0,
        "increment_coefficient_e_over_h2": 0.058191865718582925,
        "increment_defect": 0.0005608698183630146,
        "increment_order": 2.07616537393782,
        "rate_coefficient_e_over_h": 0.079714884546004,
        "rate_defect": 0.007825990489733897,
        "rate_order": 1.0761653739378199,
        "ratio": 0.73,
        "spacing": 0.09817477042468103
      },
      {
        "delta_time": 0.035833791205008576,
        "frame_mode": "accelerated",
        "grid_size": 128.0,
        "increment_coefficient_e_over_h2": 0.05669330320288895,
        "increment_defect": 0.00013660656123132964,
        "increment_order": 2.0376391723920717,
        "rate_coefficient_e_over_h": 0.07766205918203967,
        "rate_defect": 0.0038122274154523683,
        "rate_order": 1.037639172392072,
        "ratio": 0.73,
        "spacing": 0.04908738521234052
      },
      {
        "delta_time": 0.017916895602504288,
        "frame_mode": "accelerated",
        "grid_size": 256.0,
        "increment_coefficient_e_over_h2": 0.05596339904868503,
        "increment_defect": 3.371195126652965e-05,
        "increment_order": 2.0186947392825076,
        "rate_coefficient_e_over_h": 0.07666219047765073,
        "rate_defect": 0.0018815732375991323,
        "rate_order": 1.0186947392825076,
        "ratio": 0.73,
        "spacing": 0.02454369260617026
      }
    ]
  },
  "galilean:0.31": {
    "final_increment_coefficient": 0.0723896093198174,
    "final_rate_coefficient": 0.2335148687736045,
    "increment_is_second_order": true,