{
  "maximum_estimated_relative_fine_error": 0.002762942708415488,
  "maximum_finite_order": 2.201592322860001,
  "minimum_finite_order": 1.7293600669820821,
  "row_count": 42,
  "status_counts": {
    "asymptotic": 40,
    "resolved": 2
  }
}
